Gene	Sequence	Type	A	T	G	C	AA	AC	AG	AU	CA	CC	CG	CU	GA	GC	GG	GU	UA	UC	UG	UU
AZMH01000358.1/5861-5765	TGTGCTATACTAGTAAGGTTGATTCAAGCAACCCTTGGTGCTTAGCTTCTTTCACCAAGCATATTATACGCGGGAAACCGCCAAAGGAGAAAAGATG	13	30	25	22	20	8	5	8	0	6	4	3	0	5	7	4	0	0	0	0	0
CBXK010000731.1/16622-16734	TGTGCTATACTTTTAAGCGTTGTGCAAACAACCCTTGACGCTTAGTTCCCTTTCGTCAAGCATATTATAGACGTGAAGAGTTGTCGCTCTTTAACGTTAAAGGAGAAAATTTT	13	31	39	22	21	9	6	8	0	4	2	6	0	6	6	1	0	0	0	0	0
CM001076.1/692240-692359	TGTGGTACAATGTAACCGTTGTTTAGCAACCCTTGGTGCTTAGTTCCCTTTCACCAAGCATATTAGACACGTAAAGAGTTAGGTTTGACTAACTGCTTTGACGTTAAAGGAGAAAAAATG	13	36	37	26	21	10	9	9	0	6	4	3	0	6	4	4	0	0	0	0	0
MSJM01000013.1/11472-11359	TCCCCTATTTTTCGTTCGGTTTTTTCACGGCTTCACATCTGCACAACCCTTGGCACTTCCTTCCTTTAGCCAAGCATATTACACGCGGTTTAGCCGCCAAAGGAGAGTTATATG	13	23	38	20	33	3	7	6	0	10	8	6	0	2	8	5	0	0	0	0	0
LN774769.1/1930552-1930456	TTTGCTATACTAGATATTGCTTGTAATGAGCCCTTCGTACTTTCTCACTTTGACGGAGCATATTAAAATCGCGGGAGCGATAAAGGAGATTCATTTG	13	26	33	21	17	4	4	6	0	3	1	5	0	8	6	3	0	0	0	0	0
ATBB01000646.1/1429-1323	TCTGTTAAAATAAAAACGTTGCTCAATTGCGAGTCAACCCTTGAGCCTTCTTCCCTTTGCTCAAGCATATTAAACGCGACATTTTGTCGCCAAAGGAGAGTATTTTG	13	30	34	19	24	9	4	6	0	6	4	5	0	5	7	1	0	0	0	0	0
FMXP01000013.1/3540-3404	TTTGCTATAATAGGAAAGTTGTTTCGAGCAACCCTTGGTACTTGTATTCTTGAGAGGATGAAAAACTTTTAAGGATAAATTCCCCTTTGACCAAGCATATTATAGGTGATAACAATCACTAAAGAGGAGTCTAAATG	13	47	43	27	20	12	6	11	0	5	4	1	0	11	3	6	0	0	0	0	0
CM002128.1/378252-378358	TATGCTATACTTGAAAGGTTGAAGAAATCAAACCTTCAACCCTTGGTGCTTAAGATCCTTTCGCCAAGCATATTAGACGCGGGAAAACCGCTAAAGGAGAATAAATG	13	38	26	22	21	12	5	7	0	4	5	4	0	8	6	4	0	0	0	0	0
CP014699.1/1326974-1326751	TATGATACAATAAGCAAGTTGTTTATGCAACCCTTGGTGCTTAGCTTCTTTCACCAAGCATATTAGAAGCGTGAAATAAAGTGGTGGCATTCTATTTAGACAGTGCCGACTTCATTGTTTTTGCTGGCTAGTCTTCTATGACAGTCAAAACGGTGATTTCTGAACAGGCTTGTCTGACAGAATACCAAGGCTCTTTTATTTTGACGCTAAAGGAGAATTAAATG	13	64	74	47	39	16	11	16	0	14	4	4	0	13	13	8	0	0	0	0	0
FSGV01000016.1/46069-45972	TGTGCTATACTTGTAAAGTTGACTTGCTCAACCCTTGGTGCTTAGCTTCTTTCACCAAGCATATTACACGTGGCAAAGCCGCTAAAGGAGAAAATATG	13	28	29	20	21	7	6	6	0	6	3	2	0	3	8	3	0	0	0	0	0
CP003025.1/629989-630100	TGTGCTATACTTTTAAGCGTTGTCTTGACGACCCTTGGTGCTTAGTTCCCTTTCACCAAGCATATTACAAACGTTGGAAGCTAGCCTTTCAAACGTCAAAGGAGAAAAAATG	13	32	34	22	24	9	7	7	0	6	4	4	0	5	6	3	0	0	0	0	0
CM002131.1/602348-602459	TGTGCTATACTTTAAAGCGTTGTCTCTACAACCCTTGGCGCTTTTTCCCTTTCGCCAAGCATATTAGAAACGTAGAAGGGGCTAACTTTCTAACGTTAAAGGAGAAGAATTT	13	31	36	22	23	10	6	8	0	3	3	5	0	5	7	4	0	0	0	0	0
JRNL01000008.1/35095-35192	TGTGCTATACTAACAAAGTTGACTTGTTCAACCCTTGGTGCTTAACTTCTTTCACCAAGCATATTAAACGCGGTGGAGCCGCTAAAGGAGAAAACATG	13	30	27	20	21	9	8	5	0	6	3	3	0	4	6	4	0	0	0	0	0
AE005176.1/802553-802658	TCTGCTAAAATAAAAACGTTGCTCAATAGTGAGTTAACCCTTGAGCCTTCATCCCTTTGCTCAAGCATATTATAGGCGAATTTTGTCGCCAAAGGAGAACCTTTTG	13	31	33	19	23	10	3	7	0	5	5	3	0	5	7	2	0	0	0	0	0
ALBB01000005.1/454112-454208	TGTGCTATACTAGTAAGGTTGAATGAATCAACCCTTGGTGCTTAGCTTCTTTCACCAAGCATATTACACGCGGATAACCGCCAAAGGAGAAAAGATG	13	31	25	21	20	9	6	7	0	6	4	3	0	6	6	4	0	0	0	0	0
AP009333.1/564603-564708	ATTGATATAATATACAAGTTGCAATTTATCAGCAATCCTCAGGACTTTTAACCTTTGCCTGAGCATATTACAGGCGGTATTCAGCCGCTAAAGGAGAAAAAAATTG	13	37	31	19	19	9	4	8	0	8	4	2	0	5	7	4	0	0	0	0	0
CP000423.1/2043279-2043181	ACACCAAAACTGAAAACGGAAGGCAATCCTTCCACGACGATACTTACTTTCCTTTGATCGTCGTTACTACTGGCATAGCCACAAAGGAGAACAAACATG	13	35	21	17	26	9	13	4	0	9	5	5	0	7	3	4	0	0	0	0	0
LHQM01000030.1/221-335	TATGTTACAATAGAATAGTTGTTTGGCAACCCTTGATGCTTAGTTCCCTTTCATCAAGCATATTACACACGTAGCAAGGTTAAGTCCTTGTTTTGACGTTAAAGGAGAAAACATG	13	35	38	22	20	9	7	9	0	9	3	2	0	5	4	3	0	0	0	0	0
HE999887.1/4737-4836	TGAAACAAGCCTTATGTGCTTAATTAATTCAAGCCCTCTGTACTTTCTCACTTTGACAGAGCGTATCACACTCGCAAATGCGATAAAGGAGACTTTTATG	13	30	31	17	22	7	7	6	0	7	2	3	0	6	6	1	0	0	0	0	0
AOCT02000021.1/49-158	TATGCTACAATAAGACTGTTGCTCAGCAACCCTTGGTGCTTAGTTCCCTTTCACCAAGCATATTAGACACGTCGTTTTGAGTTAAAAACAGACGTCAAAGGAGAAAAATG	13	36	30	21	23	9	8	9	0	9	3	3	0	6	5	2	0	0	0	0	0
KI259672.1/32796-32895	TATGCTATACTAGAACAGCTGGTTTCCAGCCCTTGGTGCTTAGCTCTTTTCACCAAGCATATTTTAAGCGGTCGCCCCGCTAAAGGAGAATCATCACATG	13	25	29	20	26	5	4	8	0	8	5	3	0	3	9	4	0	0	0	0	0
CP003857.1/745574-745683	TGTGCTATACTTGAAAGGCTGTATTAATGTTATCAATACAGTCCTTGGCGCTTAGTTTCCTTTCGCCAAGCATATTATACGCGGTTATAGCCGCCAAAGGAGAAAAAATG	13	32	34	23	21	8	3	7	0	5	5	5	0	3	9	4	0	0	0	0	0
AE014133.2/1474191-1474095	TATGCTATACTGGATAAGTTGTCTGACAACCCTTGGTGCTTATTTCCCTTTCACCAAGCATATTACAAACGGTAGATCCGTTAAAGGAGAAACAATG	13	30	29	18	20	7	7	5	0	6	4	2	0	5	3	4	0	0	0	0	0
AFQU01000001.1/1873926-1874056	TGTGCTATACTAGATGAGTTGTCAAACGAGCAGGCTAGATCATCTTTGCCTCATGTTGCGCAACCCTTGGTGCTTAGCTTCTTTCGCCAAGCATATTACACGCGGTAAAACCGCCAAAGGAGAATTTTATG	13	34	38	29	30	7	6	9	0	9	5	6	0	6	12	4	0	0	0	0	0
MOWR01000002.1/248662-248758	TATGCTATACTGAATAAGTTGCTCAGCAACCCTTGGTGCTTACTTCCCTTTCACCAAGCATATTATAAACGGGACAACCGTCAAAGGAGAAATAATG	13	32	26	17	22	9	7	5	0	7	4	2	0	4	5	3	0	0	0	0	0
CTEN01000004.1/229855-229761	TCTTTGAGTATTAAAAAGTAGGAACAACCCTTGGCGCTTCTTCCCTTTAGCCAAGCATATTACAAGCGGTTTATCCGCCAAAGGAGAATTATATG	13	29	28	18	20	8	3	8	0	5	5	3	0	4	6	4	0	0	0	0	0
AOCD01000041.1/13825-13922	TATGCTATACTGAATAAGCTGCGCTCAGCAGCCCTTGGTGCTTATGTCCTTTCACCAAGCATATTACAAACGGTAGAGCCGTCAAAGGAGAACTGATG	13	28	25	22	23	6	5	8	0	7	4	3	0	5	9	3	0	0	0	0	0
ANQC01000134.1/19644-19547	TATGATACACTAGAAAAGCTGTTTTAGCAACCCTTGGCGCTTCTTTCCTTTCGCCAAGCATATTACAAACGGTACAACCGTTAAAGGAGATCTTTATG	13	29	30	17	22	7	7	6	0	6	4	4	0	4	6	3	0	0	0	0	0
KQ969157.1/232238-232380	TGTGCTATACTAGTAAGGTTGAATGGCTTAACTTTTCTAAATAGTTTTACTATTTAGAAATTCTTTAACTCAATCAACCCTTGGTGCTTAGCTTCTTTCACCAAGCATATTACATGCGGAAAACCGCTAAAGGAGAAAACATG	13	46	48	23	26	14	9	8	0	7	3	2	0	5	7	5	0	0	0	0	0
JRQN01000019.1/23931-23818	TATGCTATAATAATGGAGTTGCAAAGCAACCTTGGTGCTTAAGTTCCTTTCACCAAGCATATTATACGCGCACTGAAGTATCAACTTTATGTGACGCCAAAGGAGAAAATAATG	13	39	32	22	21	12	6	7	0	8	4	3	0	5	8	3	0	0	0	0	0
KQ969393.1/469908-470018	TATGCTATACTTGAAATGCTGTGTAATTTGAATCCATGCAGCCCTTGACGCTTAGCTTCTTTCGTCAAGCATAGTAGAAGCGGTTTGGCCGCTAAAGGAGAATCTCTTATG	13	28	36	25	22	7	2	8	0	4	3	4	0	6	10	3	0	0	0	0	0
AEDY01000119.1/6069-6166	TGTGCTATACTTGAAAGGTTGACTTGCTCAACCCTTGGTGCTTAGCTTCTTTCACCAAGCATATTTTACGCGGGTTAATCGCTAAAGGAGAAAACATG	13	26	31	21	20	7	6	5	0	5	2	3	0	4	7	4	0	0	0	0	0
FM204884.1/1311057-1310939	TATGGTACAATGTAGGCGTTGCTTAGCAACCCTTGGTGCTTAGTTCCCTTTCACCAAGCATATTACAAACGTGGCGGAGCTGTTTATGCTCTAGTCTGACGTCAAAGGAGAAACACATG	13	31	34	28	26	6	8	8	0	9	3	4	0	4	8	6	0	0	0	0	0
AFUT01000001.1/415821-415919	TGTGCTATAATTGTAAAGTTGATTTTTATCAACCCTTGGTGCTTAGCTTCTTTCACCAAGCATATTAGATGCGGGATAGCCGCTAAAGGAGAAAACATG	13	29	32	21	17	7	3	7	0	5	3	2	0	5	7	3	0	0	0	0	0
AEUZ02000001.1/848814-848927	TGTGGTATAATGTAAACTGTCGTAAAACGACCCTTGGTGCTTAGTTCCCTTTCACCAAGCATATTAGAAACGTAAATGATCCTTAGATTATTTGGCGTTAAAGGAGAAAAAATG	13	38	35	23	18	11	5	6	0	3	4	4	0	6	3	4	0	0	0	0	0
CP012034.1/1198175-1198077	CCAAGTAGAATGTACTGAGGTGCAAAATGCATCACTGCGATACTTATTTCCTTTGATCGTAGTTATTTAGTGGCGATTGCCATAAAGGAGCTAATAATG	13	30	31	22	16	7	3	7	0	5	3	3	0	6	6	3	0	0	0	0	0
CP000725.1/1440073-1439939	TATGCTATACTAGTTGAGTTGCCGAGTTTGTAAGGGAAAGGCATGTCTTTCTTCTTATTCCTAGCAACCCTTGGCTCTTAGCTTCTTTCGCCAAGCATATTACACGCGGTAAAACCGCCAAAGGAGAATTTGATG	13	34	43	29	29	8	5	10	0	6	6	5	0	6	10	5	0	0	0	0	0
AEUT02000001.1/217880-217994	TATGCTATAATAATTGAGTTGCCGTGCAACCCTTGGTGCTTAAGTTCCTTTCACCAAGCATATTATACGCGAGATAAAGAAGTATCTTTATTTTACGCCAAAGGAGAATCTTATG	13	35	38	21	21	9	4	8	0	5	5	4	0	6	7	2	0	0	0	0	0
CP000407.1/1534158-1534056	TATGCTATACTAATCAACGTTGTTGATAAATTCAATGACCCTTGGGGCTTGCTCACTTTACCCAAGCATATTTTAAGCTTTTTCGCTAAAGGAGAATTTTATG	13	29	38	17	19	8	5	4	0	5	2	2	0	4	6	3	0	0	0	0	0
CP013688.1/1209373-1209261	TGTGCTATACTTTTAAGCGTTGTGAAAACAACCCTTGACGCTTAGTTCCCTTTCGTCAAGCATATTAGAGACGTGAAGAATTGTCGCTCTTTAACGTTAAAGGAGAAAAAATT	13	35	36	22	20	12	6	8	0	3	2	6	0	8	5	1	0	0	0	0	0
AEUY02000003.1/47857-47970	TGTGGTATAATGAAAAGGTTGCCATGCAACCCTTGGTGCTTAGTTCCCTTTCGCCAAGCATATTACAAATGTTATTAGCAAAGATTCCTGATAGCATTAAAGGAGAAAATGATG	13	37	34	24	19	10	2	8	0	7	5	1	0	6	7	4	0	0	0	0	0
AEUX02000006.1/511000-510899	TGTGCTAGAATGAAGAAGTTGCCTAGCAATCCTTGGTGCTTAGTTCCTTTCACCAAGCATATTATACGCGTAAAAAATGACACCAAAGGAGAGATACCAATG	13	35	26	21	20	10	5	9	0	7	6	2	0	7	6	2	0	0	0	0	0
MKIR01000001.1/290038-289942	TATGGTAAGATACTTATTGGTCTATGACCCCTTGCCACTTATTCACCTTTGGGCAAGCATATTACACTCGCAAAAAGCGATAAAGGAGAAATATATG	13	32	28	18	19	6	6	5	0	6	4	2	0	5	5	4	0	0	0	0	0
AM946015.1/624185-624301	TATGCTACAATAATAAAGTTGCTTAGCAACCCTTGGTGCTTAGTTCCCTTTCGCCAAGCATATTACAAACGGCATCAATCATTTTCAATTGATGTATCGTTAAAGGAGAAAAAAATG	13	40	36	19	22	12	4	6	0	9	3	3	0	3	7	3	0	0	0	0	0
KQ969506.1/799880-799780	TCTGCTATACTTAACAACGTTGCATCTGCAACCCTTGACCCTTCCCTTCTTTGGTCAAGCATATTAGAAGCGAAACAATCGCTAAAGGAGATTTTTACATG	13	29	31	16	25	8	7	5	0	7	3	3	0	5	6	2	0	0	0	0	0
AE009948.1/847184-847297	TGTGATATACTTAGTAAGTTGTTTTACACAACCCTTGATGCTTAGTTCCCTTTCATCAAGCATATTACAAACGTTAGAAGTGTTAACTATCTAAACGTTAAAGGAGAAATTATG	13	38	40	18	18	9	8	8	0	6	2	2	0	5	2	1	0	0	0	0	0
AEYM01000577.1/1324-1200	AAAAGTAAACTGAAAACATTGTAAGAACTATTAACTGAATCGGAACCGCCCCGCGCGCTTCCACGACGATACTTATTTCCTTTGATCGTCGTTATTACTGGCAAAGCCACAAAGGAGAAACAATA	13	45	29	22	29	14	11	5	0	6	6	9	0	9	6	3	0	0	0	0	0
AE004092.2/610434-610549	TATGGTACAATGTAACCGTTGCTTTGCAACCCTTGGTGCTTAGTTCCCTTTCACCAAGCATATTAGAAACGTAGATAGCTTTTGAGAGTTATCCAGACGTTAAAGGAGAAAAAATG	13	36	35	24	21	9	6	10	0	6	5	3	0	7	5	3	0	0	0	0	0
AP011114.1/708700-708819	TGTGGTACAATGTAACCGTTGCTTAGCAACCCTTGGTGCTTAGTTCCCTTTCACCAAGCATATTAGACACGTAAAGAGTTAGGTTTGACTAACTGCTTTGACGTTAAAGGAGAAAAAATG	13	36	36	26	22	10	9	9	0	6	4	3	0	6	5	4	0	0	0	0	0
JPEN01000022.1/6252-6346	CATTTCTTACTGTTAGTGATGGATACAGCCCTTGACGCTTAGCTTCTTTCGTCAAGCATATTTTAAGCGGGAAAACCGCTAAAGGAGAAAAAATG	13	29	28	20	18	8	4	7	0	4	2	4	0	6	6	3	0	0	0	0	0
AE007317.1/904161-904257	TGTGCTATACTAGTAAGGTTGAATGAATCAACCCTTGGTGCTTAGCTTCTTTCACCAAGCATATTACACGCGGATAACCGCCAAAGGAGAAAAGATG	13	31	25	21	20	9	6	7	0	6	4	3	0	6	6	4	0	0	0	0	0
FUXI01000005.1/90928-91028	TCCGTTATACTATTTCTCGTGGTTCAATCCACCCTTTGACACTTCCTCACTTTGGTCAAAGCATATTACACTCGGGTTTCGCCGATAAAGGAGAGTTTATT	13	23	36	17	25	3	7	4	0	7	5	5	0	4	2	4	0	0	0	0	0
AEUW02000001.1/978484-978387	TATGCTATACTAGATGAGTTGCTTTAGCAGCCCTTGACACTTCCTGCCTTTGGTCAAGCATATTATAAGCGGTTAAGCCGCTAAAGGAGAAAAGAATG	13	29	28	22	19	7	3	10	0	4	4	2	0	6	9	3	0	0	0	0	0
ABAA01000002.1/167005-167101	TGTGCTATACTAGTAGGGTTGAATAAAGCAACCCTTGGTGTTTAGCTTCTTTCACCAAGCATATTACACGCGGGCAACCGCCAAAGGAGAAAAGATG	13	30	24	23	20	8	6	8	0	7	4	3	0	4	7	4	0	0	0	0	0
CP000387.1/1493033-1492897	TATGCTATACTAGTTGGGTTGCCAAATCTGTGGGGGAATCAACTAATGATGCTCCTCTCATGTGATGCAACCCTTGGCGCTTAGCTTCTTTCGCCAAGCATATTACACGCGGTAAAGCCGCTAAAGGAGAAAACATG	13	37	37	32	31	10	6	6	0	8	5	5	0	5	12	6	0	0	0	0	0
ABAC01000009.1/939-843	TGTGCTATACTAGTAAGGTTGAATGAATCAACCCTTGGTGCTTAGCTTCTTTCACCAAGCATATTACACGCGGATAACCGCCAAAGGAGAAAAGATG	13	31	25	21	20	9	6	7	0	6	4	3	0	6	6	4	0	0	0	0	0
CP000425.1/786495-786601	TCTGTTAAAATAAAAACGTTGCTCAATTGCGAGTCAACCCTTGAGCCTTCTTCCCTTTGCTCAAGCATATTAAACGCGACATTTTGTCGCCAAAGGAGAGTATTTTG	13	30	34	19	24	9	4	6	0	6	4	5	0	5	7	1	0	0	0	0	0
CP000114.1/925396-925509	TGTGATATACTTAGTAAGTTGTTTTACACAACCCTTGATGCTTAGTTCCCTTTCATCAAGCATATTACAAACGTTAGAAGTGTTAACTATCTAAACGTTAAAGGAGAAATTATG	13	38	40	18	18	9	8	8	0	6	2	2	0	5	2	1	0	0	0	0	0
CP001033.1/966317-966413	TGTGCTATACTAGTAAGGTTGAATGAATCAACCCTTGGTGCTTAGCTTCTTTCACCAAGCATATTACACGCGGATAACCGCCAAAGGAGAAAAGATG	13	31	25	21	20	9	6	7	0	6	4	3	0	6	6	4	0	0	0	0	0
CP000003.1/587341-587456	TATGGTACAATGTAACCGTTGCTTTGCAACCCTTGGTGCTTAGTTCCCTTTCACCAAGCATATTAGAAACGTAGATAGCTTTTGAGAGTTATCCAGACGTTAAAGGAGAAAAAATG	13	36	35	24	21	9	6	10	0	6	5	3	0	7	5	3	0	0	0	0	0
CP000260.1/602445-602560	TATGGTACAATGTAACCGTTGCTTTGCAACCCTTGGTGCTTAGTTCCCTTTCACCAAGCATATTAGAAACGTAGATAGCTTTTGAGAGTTATCCAGACGTTAAAGGAGAAAAAATG	13	36	35	24	21	9	6	10	0	6	5	3	0	7	5	3	0	0	0	0	0
AM406671.1/1746216-1746111	TCTGCTAAAATAAAAACGTTGCTCAATAGTGAGTTAACCCTTGAGCCTTCATCCCTTTGCTCAAGCATATTATAGGCGAATTTTGTCGCCAAAGGAGAACCTTTTG	13	31	33	19	23	10	3	7	0	5	5	3	0	5	7	2	0	0	0	0	0
FQ312029.1/941296-941392	TGTGCTATACTAGTAAGGTTGAATGAATCAACCCTTGGTGCTTAGCTTCTTTCACCAAGCATATTACACGCGGGCAACCGCCAAAGGAGAAAAGATG	13	30	24	22	21	9	6	7	0	7	4	3	0	5	7	4	0	0	0	0	0
AAJR01000052.1/12937-13050	TGTGATATACTTAGTAAGTTGTTTTACACAACCCTTGATGCTTAGTTCCCTTTCATCAAGCATATTACAAACGTTAGAAGTGTTAACTGTCTAAACGTTAAAGGAGAAATTATG	13	37	40	19	18	9	8	8	0	6	2	2	0	5	2	1	0	0	0	0	0
FQ312042.1/2132413-2132509	TGTGCTATACTAGTAGGGTTGAATAAAGCAACCCTTGGTGCTTAGCTTCTTTCACCAAGCATATTACACGCGGGCAACCGCCAAAGGAGAAAAGATG	13	30	23	23	21	8	6	8	0	7	4	3	0	4	8	4	0	0	0	0	0
